path	N	step	step_time	decode_s	teacher_s	assemble_s	n_records
seq/stream/fused/graph	1	0	23.949755668640137	3.833281993865967	9.620149612426758	10.392598390579224	512
seq/stream/fused/graph	1	1	6.8200201988220215	1.2767198085784912	0.07300043106079102	5.352150917053223	512
seq/stream/fused/graph	1	2	6.042277097702026	1.2771685123443604	0.03403353691101074	4.6543755531311035	512
seq/stream/fused/graph	8	0	26.11217164993286	4.519145250320435	10.988828182220459	10.511317253112793	512
seq/stream/fused/graph	8	1	6.004432201385498	1.3212931156158447	0.04333233833312988	4.526593923568726	512
seq/stream/fused/graph	8	2	6.5970964431762695	1.3421721458435059	0.05828237533569336	5.106897354125977	512
seq/stream/fused/graph	32	0	25.110240936279297	4.47981333732605	9.89808964729309	10.628536939620972	512
seq/stream/fused/graph	32	1	7.34471583366394	1.404564380645752	0.04301142692565918	5.812024354934692	512
seq/stream/fused/graph	32	2	7.231740713119507	1.4009506702423096	0.0341796875	5.716019153594971	512
seq/stream/fused/graph	128	0	25.320533514022827	4.462491035461426	9.476359844207764	11.277490377426147	512
seq/stream/fused/graph	128	1	9.339344263076782	1.6974098682403564	0.04225969314575195	7.480417728424072	512
seq/stream/fused/graph	128	2	9.028730392456055	1.733938455581665	0.0343785285949707	7.163447856903076	512
